sleep_hours,exercise_minutes,screen_time_hours,water_glasses,fast_food_per_week
7.834044009405148,289.53698504188674,7.756605926370515,9.721948166343873,2.6651593031861576
8.440648986884316,206.89716952098286,6.823765348991881,10.598435758281703,0.5531533271033002
7.00022874963469,282.27733345091764,2.1939383997414437,5.5637066898987015,1.756045376814753
7.604665145263679,224.72890387873088,6.256323507387771,6.621916173400544,2.6946151380514114
7.293511781634226,171.9016199696617,4.790008889381037,6.4533796326267,1.338351657103289
7.184677189537595,192.05804009035103,7.685293648370599,11.421334941571414,2.765604916451446
7.372520422755342,216.9052014131944,3.32859640594093,9.979201626955408,0.8369726713709127
7.691121454086096,205.40506351679812,3.6024321181061945,8.8771922773599,1.8264935225813872
7.79353494846134,284.49809960835523,2.488843789263572,7.131625915444342,2.0473611293004463
8.077633468006713,282.9340214830573,4.571712971982719,10.843978333422589,0.6846172000514523
7.838389028806589,172.92387871394652,2.6541125841144098,8.04714170340664,0.0413025376731504
8.37043900079352,292.2851309725495,5.802720563671507,11.464193505831426,1.2501718871120882
7.408904499463035,126.53069000289752,6.817779424242428,9.942362630351532,2.815445675570202
8.75623487278189,116.52919908232384,6.180802976721071,8.346219155756984,1.0290843294912198
7.054775186395853,118.36662318981358,6.597268286454623,5.883470726245511,2.3392328864477996
8.340935020356804,196.1890547921483,4.054724719061118,11.832304853274234,0.5242089384822223
7.834609604734254,94.52020910758158,7.075108898166066,6.118835552408654,1.0258585089073573
8.117379656891503,289.073744355713,4.572612649996655,6.418214876537638,0.43379316251429023
7.280773877190468,263.6942489458538,6.944059222473912,8.018272286122595,2.150312442439128
7.396202978169757,93.1539859558457,5.758976951745763,7.829413340426031,2.0979228710904425
8.601489137351074,127.0012136707616,2.8605382920214693,6.027260365350059,2.0654919538467564
8.936523151438795,159.73335061703577,2.4703213991296877,10.105232435527864,0.760188103458899
7.626848356318486,117.50933741029255,2.1099958574780437,6.321215468140302,2.0770803648702265
8.384645231338627,259.9930453465822,2.400349985836139,9.50726951018164,0.6818926227478487
8.752778304592077,162.3946970634916,4.751502882250591,10.28014165403409,1.273947347794019
8.789213327007694,287.4225712900071,2.680051536605543,6.475126744583245,1.1157663650030618
7.170088422739556,212.2229777888868,2.16670009309202,9.206679736753479,1.0659237348603665
7.0781095664657645,274.55471672648724,6.529168888342804,10.242498626720856,0.17296442172376914
7.339660839129138,267.39423353236657,4.369102882763837,9.467530974342335,1.894939880597819
8.756285006858826,280.13238692881635,6.481630973645151,9.179891120626543,2.1219498080450983
7.1966936676661,186.57485582152947,4.71442896047871,7.068375999588479,1.8407660835085067
7.8422152500101046,204.73283136427838,4.700520482004567,10.12124529869056,1.9449382684893737
8.915779060301004,257.7067541419283,4.868435040306986,11.617159079999649,0.5098221426517733
8.066330569946034,150.000958864171,4.844023559373165,7.978929731830829,0.44834039681658744
8.383754227900948,192.95323975018482,6.818980052685018,10.475272717819838,1.5425251305776486
7.631031262012126,215.81316460563446,4.414355119146415,5.392987277633408,2.6259981790636173
8.373001855363167,93.26198786567551,7.428116962061738,10.84690121742976,0.5518603246416661
8.669251343794746,214.63109572129383,2.222366287724215,6.345750117755034,1.3885173561247797
7.036576554688383,181.07203328778624,6.643246056322512,7.765678082229813,1.2867970020897088
8.500288629889935,259.5457110658167,2.753848286826433,7.100567321477495,1.491867557758549
8.97772217781299,156.20140865002833,5.711081401472513,5.560725506642345,0.48453231145803577
8.496331308759679,277.50662879028175,2.0621855680113916,11.3324170205537,1.0273219234044317
7.560887984128811,211.35001520975246,5.231763695458081,7.591079242876168,0.7856412123105606
8.578558656902977,128.64214234176768,2.0181077397175784,8.714882069332976,2.533580829688437
7.206452013155284,255.4651391033559,7.707162712941227,8.458813861274276,2.400996737329205
7.89578705235181,218.52654717943614,7.4324122022166685,5.925127993600567,1.2799174748044306
8.81719100618619,101.32094713548813,6.775801651653616,6.445178412226031,1.8210463823671166
7.587228296747359,178.24067280023775,7.491645919488725,5.533321663226248,0.4363968307986599
7.575550677172697,232.6044556787402,2.873349386950382,8.555451899617012,1.528839882652676
7.260057144236555,282.9063733752804,2.9463804192231997,6.83084686283091,0.8908412573607136
7.038733915740594,90.08442522718506,3.125790037414604,7.499431262179543,2.578952860707603
8.357671065879781,295.11942129652255,5.734975413799527,5.756457300880658,2.0147951427191697
7.423256232000118,169.08186609661266,7.4348569760498115,10.51286287756755,1.900422037867263
7.531093318744452,294.49454305524773,7.939731070154442,5.746087137521608,0.3742539002075377
7.983146318560676,216.99038120455114,6.266734752594895,11.899961765992314,1.411763638496657
7.1067250902341605,264.0576196759455,6.390802454853771,6.240128151068921,2.9597183387606445
8.148235210984026,210.68941598870148,7.455759227265527,9.006835787042546,2.844897522217995
7.29345714981162,221.8960016445436,4.405242394226725,5.3139173421236165,1.9352569207813306
8.178611073806568,149.97101915609574,3.4991040813502208,10.509814027590838,0.4551746130959209
8.399516720041863,213.2350015377774,3.040581024722737,6.327241634728075,1.9173805461597149
7.204668857655651,247.5045703775586,2.716742302002374,8.695327848856886,1.6969863376317824
7.828111975639136,270.2459056500989,6.875663528196972,10.1805428021135,1.405997512983756
8.38880031545549,248.56725957821283,2.880754240503459,6.049520394420791,1.2841124084048103
7.828358539053806,236.59202217393363,3.585784896361404,8.857610219308802,1.7978092669740904
7.0999069178921745,271.54068031146596,6.914535071801184,6.516320458301456,2.5499096655478963
8.071792811831024,157.76300933571676,3.86352351076526,10.314372345220013,2.2533631211158123
8.327589290439578,230.86564606539332,7.894504695757657,10.060406354893496,1.7380816208916992
8.029778224116617,184.68352664680333,3.5998322129098113,6.235843239939581,2.774112544608084
8.889189511981627,170.24157792661862,5.201920069827269,11.033765903669515,0.19421995032464656
8.173110081003985,176.27038348365897,3.886802067115098,5.1384256966144095,2.974039526195427
8.806803830575767,174.31071252860352,7.464636987043025,11.021658981961806,0.1589836280039686
7.274949408292475,156.65062865123815,4.199339863107406,8.912326678126568,0.5984866384156841
7.278552694501517,220.6030672632633,4.601553963638987,7.822543304740945,1.2682579849336828
8.614782577419048,180.35192687246553,5.0737561536701685,10.311228517156355,0.32252662855550307
7.795353673971067,294.498436364723,7.63331886421828,10.01850301184729,1.8710112329931055
7.3307083942338656,232.33818720120533,2.185694037626904,11.911283223658986,0.14397769214660194
8.855017160792068,131.69967656969328,6.301271981790135,6.946595340290879,0.8538716430208264
7.695531719491013,179.60721196308688,7.346113725754034,5.026555706865398,0.18311004335901326
8.50162420627231,162.10271035262883,2.163723341104813,11.537318258204214,2.1105579933152434
8.451995970700903,257.50414883129895,5.132307483515064,11.005279731765256,2.0053685027684462
8.76661218241162,274.7996405983207,3.9559388706201517,10.10195614263479,1.1357417797518066
8.247344414111218,279.8068107235381,7.156935925193515,8.616821480450769,0.5645827800894636
8.501884868054674,229.17116059880507,5.351099305535107,9.948693716741328,2.2410144870898354
7.697796683955685,146.74373502624914,6.141367208976487,10.4637068981372,1.0211378722964017
7.539855783530053,142.99700731596386,4.717120999709225,7.624131604758015,2.3859035022169284
8.791772436392133,269.5285679664545,5.769854225128142,10.392257677309704,1.463702817538861
7.85618237974259,200.82007572483678,3.740581110124555,10.254370234226228,1.5770083330529383
8.92968009429677,258.4538276409656,2.056091467799095,9.292478480809818,0.08547254847470165
8.326882995636897,210.22258861023732,5.460535609922545,7.813061467774862,1.9326960596370952
8.243391440418243,243.95993031037733,3.868665284794777,9.881156134850386,1.0519695072965023
7.229491945906751,198.99244176745174,5.103605591006779,5.021790004776345,0.6876150818761971
8.898978517414143,251.8856212053965,7.498435118323386,10.424276527072184,1.3016501286351017
7.899824266959881,209.46017804799027,4.558848731008376,11.274916217197928,1.1474023718127526
8.156779228774264,187.79907450431597,3.4843762196143127,6.6752099520625325,1.4093671202590807
7.816273605522563,161.96467067018918,4.2277625676743265,5.845370290164608,2.938450062539419
7.474053960486056,104.32396316750787,7.591166699819244,6.541987914556094,1.0931342111046913
8.806759041124508,169.36407765890095,7.621210287854562,7.114677119030688,2.3232304000081183
8.147358973344572,106.72147631663299,7.065979691394279,11.18119955994684,1.6583027896496776
7.005740654062318,296.39159388339345,7.521239085833963,8.802165011666663,2.6673932673224483
8.234289827241447,128.13869877946038,3.3674017397079017,7.006981547245014,1.0648585534487158
7.653289803544192,260.49032652131336,2.524893257321545,5.968482828550625,0.7365560405595224
8.054116204515218,273.7419454407386,3.3638584177081325,7.031011241731791,2.7330577189709047
8.77188419862155,234.5667830010481,3.8862596966843026,9.29709762818877,0.1306027912732961
7.714539520004999,209.59382667652892,3.0485952581378695,7.268969709282127,2.8522602841830067
8.817070301839598,123.80400173127785,5.642564971834763,8.201521271836988,1.6692207470127758
8.246720231583605,188.04480478029433,4.481518490006968,8.1088197491163,1.1290896500612626
7.031642485693112,162.48613074259515,6.898109070963285,10.796947525120585,2.9851569670173332
8.858874467487523,137.25839114095777,3.110782389614184,7.984437079653614,0.17508793844289494
8.381793835033848,214.42749244081733,6.211259178537863,7.419891748228516,1.5501190793028363
8.99464570090296,155.57666591740258,3.4421337490948334,9.724801233663737,0.09329122636664355
7.344681016690657,282.42416622835367,5.445314533045158,6.550374390134701,1.7135272175587004
7.274271499257756,281.023460239827,4.093925583324733,8.270720767485876,0.5414055269853467
8.865190926074327,143.9948416942612,2.341786396896996,7.203359811268115,1.8928776010185913
8.3936363229798,113.28717315624613,3.372882025762255,9.387989215139843,2.9427710272517444
7.1320003454441245,130.5221737240137,5.984615332128761,11.141523322863687,2.6247076536371425
8.510926105204932,194.91267584256607,4.983500560163188,8.1338230010194,1.3555087482626118
8.507752376922493,243.0029902746652,5.114095904442072,10.491201931543461,2.1253826101551514
8.846049071092967,133.7208320658462,3.0483209006535352,8.198759903930853,2.332406250009568
8.423049517256944,142.08704725921845,5.424295109277538,9.593605322019918,1.484529252547691
7.248541923944329,268.85109373663704,7.98052055124926,5.922886825192515,1.5856004705326954
7.039760267679592,177.32823083618075,6.901010652749731,8.030870548773537,0.4523531951165778
7.052421973755439,219.5038641025996,5.566235742985866,11.365183920584556,1.1081997768357188
7.056612976041589,139.0698892402425,7.85593440998543,9.238353007216542,0.42666375921836
7.492422135206092,111.41312447941746,7.409375508015928,10.367422110659714,2.180681260033688
8.720055897365777,198.32997356339126,5.573647601615873,8.53290425667126,1.4310389832067896
8.077662128683306,190.1996072804543,2.1945579518867424,8.486389373796053,1.3466365101202966
8.105643957371532,122.06104525956428,2.5614625749048843,10.90029888134995,2.6579939134960537
8.684061784719212,220.57930866548725,2.3922302902533583,5.474648540386676,1.5828563169346843
7.248346630239823,204.242124950927,4.710398892148852,9.012905900847793,1.2272724957505798
7.558367358022279,227.36884286385632,4.252608999007147,11.599338028030644,0.8066760666379376
8.171518542916576,120.35456342617856,7.852100205621719,8.625020337206253,0.21603610550930985
8.93919149663935,247.82084159840122,3.0078997591976897,6.361260666695191,1.2544084011759473
8.12206043851142,136.63031935798375,7.836725551595931,10.935575747104334,0.07726044721975012
7.037294578745886,199.06388311686692,6.6048492131780785,6.76147399649097,0.8734618216572841
8.601265345361233,254.91216592653998,6.945427037746986,9.905082255377765,1.5105285295451893
7.465948547682041,94.6893898782793,5.795694900667984,8.781826582778299,2.897799195059167
8.614210391237558,158.11611654249916,6.012396621240392,11.641854017961538,0.32814874258075377
7.775721288128343,273.31369904402334,4.86129400112716,9.370356916818732,2.019123162649866
8.727083709118858,267.38901759643466,2.0788181415384335,10.865845734334105,1.4997971132975998
8.494243285474369,203.07252444485417,4.118036513250948,5.055530133361661,2.331294687827349
8.112480467980838,271.9877375749677,4.952430808961351,11.925380393166467,0.4308209936226278
7.27291045132137,289.45925818426156,6.380547266540626,5.544001992326706,0.24960790930762666
7.1198353790244235,263.54546950216167,4.8117700564766555,7.254906595303387,1.1976558160573614
7.242686911481474,269.3642432056731,4.74442949653659,11.623066768197358,2.3908867559397002
7.089103757089523,110.73611438227316,2.8259764456736187,5.062573716598715,0.5750272167296703
7.214988258212186,226.77390979160813,2.065332402820874,10.759110037953548,2.3033315764418223
7.45141867721571,237.73856751205713,6.549669562861977,11.028481468567561,0.8708939911856046
8.425977960765353,218.15057065579222,3.9197170284660703,8.078815699460009,0.650674462835386
8.119433964108286,257.9192049645659,7.906300701161064,6.790216356641518,0.050146767231019296
7.025111960318232,97.2599561730432,3.321405356954936,10.61882663743309,1.1959771797671361
7.143948559378973,251.75013425654578,4.032248152890078,8.345034031025548,1.143244473880357
8.934552660000545,243.66300615530065,5.14337681399679,5.940370260589873,1.9780348085860942
8.136200923839883,144.53666259265415,6.529348742363196,11.494942949775076,0.21275520141116167
7.406586469321981,143.9845527526508,4.783146703401774,11.271789769046539,0.45781196112681555
7.504651489140647,222.78369666032683,2.7489352586700577,8.440816050118547,0.04972764870280244
8.487651708150185,162.51246693412713,3.8750082709522973,10.996917475624546,0.34138906934222046
7.390858962218638,257.28362238153034,5.027115018205968,7.930046180348691,1.9553678280302713
8.162717854546516,183.69070872072604,6.043094048101206,9.784254301164108,1.2079705565247576
8.940039978176625,254.3773771046761,6.620899737872553,7.785934475855457,0.9630789425019476
8.693657602980071,297.9990745610065,2.782014685726126,8.540194122155672,1.6737359827313174
7.4796955182951725,153.052151302119,2.137490787934291,6.326861919837491,2.98038138929955
7.98753942853746,120.03122393420087,5.114493933271937,11.754922468776396,2.503459542054089
8.23991143676276,279.27477163334754,6.859932263974498,7.059509817709783,2.0988695471987517
8.657961799100358,203.7274695663484,2.0756226021792576,5.724216892814809,2.7547757673961737
7.313582789292169,294.6954778795673,6.034819067922403,6.010207801603337,0.11918612004925444
7.037152404354819,223.68692400039842,6.120849359941951,5.098646059347101,0.21100032484657572
7.140044287438444,298.72173516820055,4.695480521519825,10.011619896236763,1.4220188699641638
7.972690221874064,204.67486887001985,7.488732120451606,8.951488241686118,1.0475022388712318
8.21265892330666,200.54944612015947,5.866166508541958,10.562048458293265,2.8117561863853466
8.137702874172962,118.43985964515568,2.031439025908795,8.549559462988956,1.4686948834355058
7.6347248186443215,164.69808590661503,4.906570673086254,10.542747276529077,1.6189473302800517
8.977232308824897,95.5058991322384,7.1559068365856,9.870349499902876,2.6857810971936624
8.159490438491593,123.6829876991263,6.982397420224037,10.444939338014228,1.3399051374710715
7.7602823452471,246.58381046857417,5.894925182674868,7.845380082839604,2.6311031678110557
8.101896438235794,96.38393488504565,6.04219054339179,9.534394432312368,0.7607452481148851
8.490668861813004,166.9740504211863,5.470997478735203,6.258560083850821,0.8214291124743257
8.338465786906369,271.09271309598927,3.6447186510011127,7.252739743715328,0.9850841702627704
7.529839115325618,235.4623206765444,5.363179943216353,6.208232340838547,1.6426928114428603
7.132669668856883,235.0978498338954,6.0303787089045215,7.860460575092837,0.6603860220809437
7.740168395828213,129.6137282006153,4.114577781298453,6.689931235759191,2.01428751324382
8.25943501404313,182.79989895716892,7.134970203523567,7.848453958905505,0.42837984840900123
7.420348019829679,212.13125554230115,3.170224916052244,11.826556397061186,0.2823008234989183
8.505511107477627,297.84785860937814,6.4839248619915395,7.242235280754219,2.610575238616133
7.13307296270823,132.82030729895558,3.7376164771212643,11.877436614824267,0.7106061106709955
7.520630197157082,142.02390937009451,6.642795723465092,9.454142880991885,1.1580120330677866
8.60950912748669,145.0563475923115,4.566423976016457,7.625637128757377,1.7146262781759969
7.3868685652466555,247.5362067925785,6.846190454673257,11.002391493585176,1.57740590985441
8.27892176175988,185.9648187614955,4.121209176007943,9.337107175580016,0.2280716383263206
8.049340618247466,101.95518206632995,3.282159425777487,6.764231560915876,2.622377806794085
8.849615940798701,196.7884105281503,6.603707050530599,10.549989745838214,2.8534068552560763
7.526593540974222,134.51163457517197,3.851851685783907,8.030569561139142,2.4375219125240153
7.131922181368047,257.7068913996442,6.3994704063585655,7.50257817131309,0.8514055048406228
8.47013192657734,152.43959011652717,6.466838918466393,7.3119385556755665,1.5835403883538786
8.544356059086493,95.79726251044576,3.328380205449206,9.881582129291976,1.0182501720528285
8.815631705007048,214.62081438757042,3.2846728209238907,6.880550867343586,1.6640019323630002
8.863944138393675,267.20649007554965,3.1936875405624,10.65794609593766,2.923210406739008
7.0279031459511945,170.01338605306498,2.855110026595068,7.067021560798935,0.9351087531569442
7.468724172242841,247.47024525249012,4.262495595244005,8.8088496850975,2.0063898177686093
8.233556714003315,197.33971044239692,2.159767308149729,8.415450442636416,0.9779016219269576
8.898032641375233,203.59987904205963,2.6655222142054438,10.98749488816759,2.323431798045239
4.65161993322641,80.5510675260811,7.0072305286041425,1.5086208279957427,7.862158826090933
5.7796546828947495,54.89750200044814,10.332623826014734,3.526977598578327,5.522702614371502
5.503415441838534,90.64602655033083,11.599282303173105,6.758494552049628,7.305254583055724
5.525264190890221,143.82037734555007,12.903262497436657,4.76215824538605,3.9112796389616964
4.9389580571198515,58.92344174954437,8.286175883132012,3.697264773530857,9.98879270869184
4.421529004937411,58.94594969124247,12.993114665911602,4.101197974056941,3.9430281729581402
4.082950159152998,118.59554903843983,9.550558358999195,4.591084215138779,9.526627315052199
4.643657599940489,96.76175986281396,13.245917504933207,3.5225536606847454,3.7377580031281434
4.074225328987989,59.08260117830647,7.193982180856555,1.548471661790484,5.98051507684054
5.387710822747799,103.34325723453772,7.597730973862195,0.9117260916734908,8.569415719141887
5.340700063872337,60.60024135815685,13.869873260278787,1.209823418961184,7.732704374357874
4.86094356548995,20.416973137218314,11.266513480414476,0.4199277108250712,7.644643296965352
5.535577955316346,67.59649030082016,9.923426427699283,4.469411288509052,5.523524479805744
5.072016989479128,50.16290890459089,8.184499292855834,6.781768112288085,8.033400203641275
4.079719853270905,32.695339509175184,11.54930807162783,2.872954711392886,9.35962861611887
4.269586235921358,138.866220245466,7.258825478515504,0.6024869810865425,5.530813962526703
4.386832798029837,103.44590986193366,9.181297394224933,3.40579529588093,6.223723873237606
4.671327602329299,89.82313359351329,9.264354378923528,4.816062707776011,2.5282846721330987
4.104625892874953,111.99862081845076,11.252093254601874,3.4032277246051006,5.1261845893655416
5.210233561000733,81.29565926571622,11.55581879672988,6.48576986885896,5.737908530665967
5.024122055047838,105.07996089292538,12.922382194655285,7.535089969493642,9.161101686428587
5.234922024034312,139.58397288747676,13.493066598182804,6.959286186146835,2.88445952204353
4.864711189528688,129.3925041757833,11.623204093277698,5.631995986239108,7.849100825591733
5.695400936474876,25.116278625978193,11.047217428859767,3.762391398257402,6.363769348389756
4.908118112118302,39.470853588581136,9.79100880540306,5.4615843432260105,6.852283444132348
4.030807039583841,10.74154191627068,13.766287448494994,0.10734648445223627,2.2382635530364823
5.746136296894199,146.80092077375204,8.078554202826503,7.859824948016351,3.1739790380862365
5.312403095488198,35.45761479905634,13.265607660540539,1.3766186546311676,4.271865803729481
5.646006081296942,99.08975338928981,9.17709147519389,7.250083167693455,2.0389763836288486
5.903551386067703,13.4446048391193,10.839423627662729,6.456879213328849,7.353262382377094
4.101824767033774,31.615641313052812,11.774463809029704,6.4011174750959015,8.962063591380787
4.470143728182029,75.42365752776068,8.655287559283089,2.1514884622805193,6.375746474169927
4.12668688691268,15.743050249489205,8.174156795351902,1.7532304460580646,6.34531238015363
4.843315772064901,58.331010404208655,10.559374094007312,3.43040554331271,6.925807428904299
5.7276582910029035,80.69815802095214,12.543047129092702,6.794968805845239,4.417452003326433
4.163247965430136,50.88062773276499,11.846901235169529,3.603037139773762,4.933855853287533
4.946223905771757,83.38503166898633,7.832813360211103,7.483360912056495,6.599517818222132
4.251086219617447,80.5152482913696,13.30519550550213,2.821434618013904,8.473732669738755
5.545771204334235,58.59157481053587,10.358162969344086,4.955137325574078,3.612773075265369
5.682844313591687,104.44051246516544,13.626736754677534,7.845592290846241,4.620192446786313
4.086581876372318,101.7723680996886,10.87403594373786,5.147700177926439,7.943370003117576
4.972881486340789,103.09547240615848,7.59361275162247,0.3639857283248302,4.727361993058737
4.478822088275512,84.22368881990613,8.41724124972175,3.7084567276136946,2.3808874296524403
5.904947563386519,53.71198710194037,12.97966581041468,2.67801074970931,3.250855429410013
5.887785255567592,91.96685030505184,11.941491567353033,4.257452388173397,3.5509188772763745
5.227868004769402,140.36043999122995,13.26457664107047,2.277969668905051,5.9608989004894255
5.946974794650393,89.53327874189597,9.304022012560099,0.9780898418400223,7.080999688730706
4.689722687432502,146.93852615391378,10.696009776463383,5.346311910006414,9.041759817748664
5.7957014353353635,66.15099306133068,11.552786927388839,5.45087803913045,9.220292451377961
4.869189946817019,110.94179437613201,11.160035975106652,6.937114399992708,4.45728614788076
4.471629274295028,5.64058179744002,8.620240548739734,1.0590519485018994,8.027040585004686
5.881655926402798,114.70899585007291,9.987749446137649,6.388962466224248,4.259424244471781
5.368436101966455,77.74223704902185,8.736780248421223,6.614149907241032,4.948614958122207
4.129823170678259,0.7974799441654856,12.919304735618017,5.1723994860092155,4.3418124967450415
5.740849713646132,41.58001571738977,13.906742114776579,1.6393771662450707,5.309525889592811
5.402760589266693,80.22483487797173,7.4659956219266554,2.0913657152467033,3.7177255653470445
5.209853745948563,115.19443174219674,11.99749622586873,3.3479745403134054,4.551888051761512
5.464749798358661,7.963889317878764,9.31080886539352,4.3343925822618505,2.9753585111207013
4.5068780849995616,82.35801657757796,11.37804764818003,3.819503644737736,9.704145916764276
5.2009779105490885,120.1491833697534,8.806907544973097,3.7396791363629553,6.031864075190263
5.629238362523311,97.43745823177183,11.557053265159466,6.718725681581339,9.38480546070931
4.108227320648,139.7170522489366,9.598030291239107,6.9608189224605415,7.969281126187369
4.261021342678532,11.209716752214172,9.063746156758747,6.534031715014134,5.6616423014433535
5.684891619912827,41.52096939008799,13.382342215884591,7.022411349077597,8.036977802465053
5.236691738655771,137.88562563842586,13.597492119583453,4.5680700954965845,7.024184628855407
5.062575620962116,114.75077224472143,11.294850185920948,7.712289066712654,4.430067473214949
4.496581457994197,89.9610516708148,8.501274465814848,4.852354786003741,6.173274507306175
4.5901571504989915,124.94522157556057,13.575932096343116,4.831581928637451,7.698497565179434
5.745372329838924,134.4065237362503,12.253174827063269,2.5543818965969507,4.442508251586454
4.843331869699418,145.90805292792373,12.257628651259642,5.449633472936152,2.100182695091786
4.128860511159214,149.77807606347088,8.482049343939403,0.4157255080428879,4.146102633087491
5.793970139015165,20.94740005261552,12.811095683136095,1.076371368095538,8.373963804720674
4.406761665648102,10.581306711554877,8.680666079128471,1.0419373405821206,9.43994471170801
5.652455070984782,11.0199981540185,11.42134521675112,5.241610297797886,7.002649239226041
5.763541246165614,2.211568634992039,11.975176989297104,1.4026607341707065,3.0624598766432882
4.973501489636677,145.7730109466889,12.196684007949711,2.7291745860123777,8.06056287397937
5.1969293862092725,14.215037468584368,9.731852932197066,0.3544932466648367,6.215242768378752
5.0545349129708335,126.26052392787744,12.31877777701268,1.8698748809320849,8.030952572969703
5.249642588370998,102.77594953615494,13.320551314851969,7.713794598794353,8.868893624560101
5.710083442694703,73.13357512243772,11.111940134663039,4.0731152201309415,9.580332408814595
4.564278896809721,52.00423220378673,7.63286800986359,1.2085961477714555,7.236300276982652
5.767511016361202,53.04716806005076,7.902831888995933,4.184068253875714,8.834065678741172
5.135380660238298,38.07583235207808,7.736837686639508,7.548075071288646,7.940704461572374
4.230206081933806,136.65269605479398,8.20909224326016,6.925488112050672,7.816809507229415
4.454002330429316,108.84638182423035,7.8850162320277954,3.136526951443095,8.870326050135718
5.1919647712260275,3.8888689176404814,12.448106230473392,2.270940127787221,9.384024326029323
4.478892473809361,69.22818798706719,7.27588058529111,6.093838901541934,9.216608012198757
4.262831321074922,42.19519088052171,8.690908921386049,1.9238745984247023,5.166002092521445
4.32369542824767,4.344927926684772,13.15346480950926,2.033858837258819,2.6721702383898016
5.689745036471479,132.70228414639416,13.814632025854056,0.6726908334394359,8.636589747665193
5.204367307785422,115.65080369320235,11.237954054089336,6.913152758112215,6.3114524264610745
5.927134174376684,49.46026188663914,13.83366785192272,3.5831913249622387,6.336609237912984
4.691358426592051,119.48378813050665,7.304160792004837,4.494290084879789,8.601402644531357
5.191250196269899,48.69574833044949,13.640009378632053,5.893687661548159,2.255873475006191
5.1979705779468395,46.18236657264701,9.17907257719317,6.371910937049565,9.023683349801253
5.231408574407897,139.21636177510894,12.592809882531151,3.5800651119225106,2.2770720107017626
4.118354414371445,146.53742429187753,12.674403724128311,1.4730204494063868,7.5455564670271045
5.500634369149372,78.53329570753392,13.019990141062415,6.629862812226414,6.699875834803273
5.8964189963752505,142.79027513518875,10.209855676317508,0.24798367862604653,7.133993446668773
5.0693581143591775,133.19947408896968,13.514510745158137,7.573826156863619,4.992641501906049
4.385112041910137,77.7048842391613,8.80525089098928,4.615822771820013,4.203696213200833
5.505851829959885,55.912320314622846,13.541118447707092,7.003109907605496,6.075268651510099
4.014637938655728,106.5531867479414,11.333837432761623,4.8685234957884695,9.086584937197772
4.656512207301562,68.3465136963081,13.898114404613814,2.0132766732185896,6.522317362924547
5.835212695288787,90.78193426848193,7.228507061738147,2.369039387967235,7.305191131714534
5.1767346657877535,148.56092953349201,12.07616661182896,4.263380472253226,5.531033847628007
5.71038056780827,116.08743749347028,10.958879647662668,7.696625702776748,9.777112696971617
5.209344104698376,50.14146074907394,10.446968331788238,1.4759648359214212,7.940179618813678
5.645156305047742,13.349733123356694,8.814526879555158,4.079187025144872,4.839220086806187
5.758967046858634,27.735838541761254,9.287814794064627,2.7503048274947552,7.228248261309275
4.641972749048906,79.02778138377515,8.746235446909715,6.157802759657486,6.340931294973763
4.245909543104357,62.5653627160287,8.534875372275426,6.422931891459392,9.072449699029487
5.442606688373141,120.09894871938594,12.597625862673873,3.396479282417733,4.200432408523294
4.8806941736624765,139.98035072800226,10.516765041287808,1.6329799999546868,2.8645398813786986
4.253471418284017,26.679712192702283,7.582329220878984,0.5367156826308426,3.530176413929361
5.179647296219779,129.01001563143242,12.438889344191661,1.589186115364492,5.096369860840687
4.07213662913972,143.60923894900031,10.735543532586117,2.1792068010350576,8.832478359474516
4.400364232821974,143.9205910274673,12.175714511424674,4.790311343273683,4.166759310687333
5.576602379335938,5.679388158064574,10.60775585200185,6.984667978195485,7.010870425669469
4.024193520030716,8.637525841226058,9.799621467895921,1.0258475107638905,6.988414408364466
4.606691343417138,0.8696089376533489,13.903727477054066,7.665509933719168,5.2643770827834295
4.042751922176142,46.902173423321464,7.197698341140389,5.465366750833172,2.402681037275614
5.994969985456659,8.354761906815694,13.529347355754009,5.935713885427042,7.958670984259942
5.164059952686923,44.079372820581625,13.515984774319776,7.863046287367925,4.365804275391049
4.5867525569721135,53.40247290467798,9.736430980510207,3.3288061809451364,5.187665572392321
5.857898923786231,143.05155277108827,8.501254097933238,4.252667727167214,5.017916540244076
5.014238847096409,71.54263837301669,11.334493085532673,5.433703601565749,7.3088210533687485
4.909384455104814,41.73576636319955,8.245806348291186,4.103001140719931,2.6906662945213125
5.175743012592373,75.45077925764322,12.622457360296059,2.3928987572866847,6.399119363775849
4.528275288421139,96.50368869737034,8.777536991144146,0.8430773818403141,2.1233745787460467
4.610576598694866,16.686850885115252,9.035643085228745,2.279457165777158,9.864311868315333
4.743309153448365,113.70924871996628,13.411410530069698,6.150822786302063,6.787417779104119
4.488895998743222,127.79186569309434,13.320417834320864,5.126261635614769,5.072913823969813
5.1690945322332595,126.63747893541425,10.747666242113652,6.41064562562554,3.1739834458198617
5.391692267864653,133.57602486181344,13.03987286405031,4.136964255763413,7.575026611494441
4.143894440328002,57.27635951336417,9.467727981635432,1.8568001747706804,9.246467333652419
5.942166639250928,66.57077975497778,13.985189947574316,5.023695415855221,4.544870018756934
5.50614131173891,15.237221391924926,10.035828175834839,2.432043920178425,8.131937157249837
5.612326325906817,33.87103836468527,9.063684082589468,0.23622995953616766,4.299984816329501
5.503280808162581,145.69807039098166,7.291019637644171,7.226649414535005,9.657802738995148
4.160121954542435,42.693595345310314,13.927948676507192,3.3629565504222807,7.61852603835846
4.963392566042354,136.10942133614958,10.254213416382758,3.4090462433976976,7.000124745546569
4.891345912803312,133.58284295674667,12.142095098352595,5.9300138826548725,9.445877865201183
5.34494530104986,138.375674589059,11.485653368321122,7.587667234446349,4.152339098015348
4.897474517648644,23.422434666119212,12.061653797662068,0.5801242243637068,9.388925970726085
5.40862679676782,131.95832152520714,7.357776326782814,1.3816087050581993,7.42466347299186
5.363290675205246,94.79924256947056,13.440317837867996,2.5788599130616854,8.170900057611696
5.394297057505512,31.594226762820366,13.48788852531569,1.987393970641592,6.573082691479611
5.237201485123073,51.76738721701218,10.86396519007938,3.9639598508895437,8.671237419993865
4.301961466559291,23.987818288392482,13.747411220791857,6.595676886381468,7.586254394334901
9.78472221067518,66.65222361691909,8.966688758932573,6.831779319537407,3.172869614215272
9.802941239974562,12.566243076819077,11.215026389955817,4.766639536469612,6.899689029024599
9.913692687322424,24.797773572035975,9.775238830368368,1.9213898706485333,4.234562684930655
9.310391823343695,29.57945197000039,11.396162622286598,1.4919415061814822,9.3270297845384
9.259011003765107,103.65410123350563,9.104426019666237,5.947124099216312,3.58585832168123
9.451989210796086,86.07043037480294,12.735508692592141,1.897712461148381,4.285731962970423
9.388508188595644,130.99847010550982,7.4885018495294595,4.315927127412397,2.3812376397574315
9.833929236105064,36.695109857881214,7.293142992099974,5.9942462970175345,5.580633152405105
9.652173309701588,94.44119350783697,7.3457746924332,1.8259928369230876,6.460702521368894
9.784001577114774,5.1646897960643425,8.053185198573644,1.3960095005819522,6.588488660616762
9.484898589727267,77.42976916156036,9.767453316562833,0.31788549260681,9.243019039677385
9.18949650662403,129.48397225707743,13.687729924800223,1.1805507015995804,4.7793114624048405
9.203531510845222,147.61898158273752,7.775568077871693,6.811511255575926,5.580227036730042
9.436066418563476,1.4809463038377768,11.53287090071499,0.8370872939596685,8.80990130001198
9.274462990758556,37.92622231152227,10.693350559194444,1.7891603642185423,6.614634425856199
9.838671848760644,33.5774505491288,9.472696841881413,0.262057597967817,7.2319434790218695
9.639672407581346,7.130639134164074,8.387394605241344,5.410853083610228,4.226874643154528
9.719960733116798,1.525868439266348,8.54415857293135,1.8536251317177568,5.8997704130067925
9.541998965173866,73.52929683663476,7.306750568090028,3.3087337424141143,6.967619100643778
9.179356313117962,6.82232185054411,11.992147812118702,1.1144093705898142,3.06715224116192
9.311569873017554,41.7492196270353,11.576881394373785,3.017738300892052,2.2632697327402758
9.515441872802459,95.99618536633685,10.106388549073056,3.3954997299169225,2.907288009046609
9.278732352748534,44.203806234135634,12.032576416628906,3.7837196148801047,5.8196886107172245
9.122928612200939,40.448205173857716,7.769831807117243,3.382734504308905,2.192213877046468
9.756457928430537,88.58197833653506,13.571034213582518,0.8220525109933146,7.009671433097774
9.752425072497207,57.080111581446005,12.933386964675712,6.180642133052352,2.780660943808676
9.397352571725532,105.37845509421014,11.613249617661182,1.0976480279192913,4.007692301729966
9.85914471345729,74.41859268747916,9.651818180632123,3.394338994606496,5.4119435668497475
9.485598228355967,94.98138987097163,9.915967103103231,2.175648899622236,2.9266139736499923
9.87821753028718,53.00915205024441,10.375077455102272,2.4080635446392504,4.164415950379731
9.6913588821606,43.0565919233263,13.546986390047604,5.37936618069146,2.16863738268409
9.622932091676281,19.981067062665293,13.04515068442672,4.142293790507316,9.880364428883755
9.280654739231581,140.56205771984463,10.345466944515916,1.5206964038395245,6.892588864971285
9.576591949430556,120.72537690236919,10.881629487947169,3.753075518667017,5.026830710681993
9.904989176584815,140.70428147345285,13.127827035955253,2.716326950370428,2.2122268088835932
9.374494578251694,27.807078697170347,13.644851036406031,5.6359775859850085,5.118709986999874
9.883851048244948,139.97336442348384,11.474293291077721,1.808761619460392,5.620469011091474
9.91787074557255,140.36298115381996,12.239642240628275,6.759905098866762,9.448025550116022
9.396860106413694,42.531677040548175,9.461374344523097,4.209837319133043,4.228033374704453
9.714766929702908,41.19513726357945,13.426198233603259,4.004956583384713,6.9182551286663925
9.909298854609371,82.71473605100587,12.85726434897682,2.0294864551014413,7.321346836657547
9.168127193582473,27.793385905282854,10.86439116857334,1.4892453578933118,3.4876877583707113
9.890729076884293,66.31516659401487,13.073390467306215,3.774552501900774,6.046106791891455
9.271755426941633,27.79764689065266,12.949103170082326,7.8545953426020585,8.29200610287948
9.864792019016138,142.1063876930939,12.658879496242992,1.0632499012946166,2.7726322754273083
9.700406909829283,74.07369862366284,7.914849770781716,2.267699459424457,6.848282385351697
9.409905275905048,144.58766511359968,10.752018023752685,6.405129394267648,2.208479461507146
9.23623801299352,96.74125087683177,13.305481802948412,5.3182151880860395,2.056373790480605
9.671833865339607,72.64736595485785,12.395822813876812,2.2300672695474963,2.476228857120571
9.863009239343267,145.15428689417962,9.944992393176342,2.5171808542008947,5.851203673192291
9.83966443728761,21.478467256314428,13.84516275351976,3.3595860352154325,9.405632869521847
9.665415637417592,94.84948119997449,8.755412096711016,4.822294097938369,5.244459073112194
9.96067135877971,99.28325517551964,9.335271601935284,5.754710137768604,2.6002611146923265
9.630930814368192,65.07597407290889,13.679403552007123,6.8584026676098455,8.89081979586423
9.278049506183127,8.903583800843624,12.661007437297027,5.448891763667278,6.154380683763522
9.486397650354842,73.908390174905,13.302380031574632,1.8958565157735867,4.551486951339393
9.40307139883105,69.77009152771161,7.0811271258692665,7.40576428269008,9.704258710277404
9.992750510716553,121.01202161622953,9.658351031237963,6.249563205406129,9.506094148019027
9.442212846505537,38.49914849294644,8.648653696269085,2.4590518434227544,4.080151775653539
9.993430786298337,58.71455444764029,9.071545363211879,2.4397251331365055,3.611134829709762
9.566923825660073,36.02583108320658,12.165968474826887,7.049346547431237,6.711269626448618
9.255051731329413,102.96651227585461,12.068593914048519,1.008627843177588,8.740145678732471
9.16711666412633,148.48251800056732,10.23259587139343,5.067686673885805,4.693768717960439
9.433275124396499,26.614430530239286,9.556921228449657,2.2217018597873937,6.691435371714093
9.211076973833256,123.21701103394459,11.09284129103168,6.6176026011144495,3.297959995830462
9.671066844662658,34.648283892245,10.735954282439934,2.9161875804471062,3.5567498819051346
9.472527861156468,8.696372005915054,10.854056913055034,5.866928755750672,8.090681727936765
9.991824069272905,20.822477706851046,11.308339497802605,1.5393431233099104,3.2007876908163997
9.936960061287985,140.2729673313583,9.769537905872841,3.8515671803259153,4.12725632838262
9.234312429078775,133.2813155034342,12.402029376908208,6.4287570114482175,7.515958905421355
9.45539403628312,43.3890743224365,8.758422283445707,3.1759056933789918,2.120714461063833
9.515421739866147,142.16460991524104,11.590325375323562,1.292592318848719,2.2575552309485643
9.60485387960975,127.48958028471284,13.722780037540126,5.191857781189179,4.300207520192229
9.802327170960341,65.19821911075103,7.024883323250982,6.026606447155139,4.692985444098393
9.538474518166081,70.20743322997092,12.063527310760144,2.2415410829847495,4.897728844240089
9.477994196809217,94.4779532375134,7.7629652375075064,3.610894889859213,8.457524604108157
9.335799734247402,23.704775244571902,10.806512441646777,7.203591299088522,2.287847741269135
9.919725525178082,2.217313011313937,11.388412116762343,6.9758850495273474,4.867161957002601
9.120044360379524,39.826802620857876,8.700629880395608,5.657500878273458,7.106225066134594
9.839009708397068,2.3165447914141324,13.396907126726257,4.727204795923254,3.1440328761465812
9.269621559699777,101.17482662433862,11.356187700841325,6.539058163177005,8.861908916091526
9.717181209255292,82.72032537191647,8.621862839764018,7.261157168798712,7.164515266187462
9.41968845040568,48.24722184041665,12.390925313198652,0.02006047734338523,2.9223474038402166
9.976791365105582,117.0303505679638,7.738549559981344,3.177822129870094,3.6647792799915777
9.210494916504478,21.867814682216558,10.88657722971941,4.491277469747852,7.963986645985317
9.268812903355515,36.73209581428254,7.66469248861744,5.871385090279013,5.227253026673383
9.900498227918032,43.84706430589256,11.066888508725135,0.6997820974803481,5.875760487588054
9.625065683147405,29.389791974848823,8.770860789041318,3.198039901446916,9.09964062458182
9.378321746192901,13.190802565590499,11.546267655683224,2.236969435598791,3.099548396993847
9.10068794693037,130.49642704074114,12.01078867000726,3.3880804248414638,9.71498237908894
9.304837964490028,13.22829683572651,10.66929930198063,3.9838290613863068,2.341037454372639
9.230863270754112,102.55655037324568,11.60264985392177,5.280121788208408,2.7955220580390785
9.283090441933082,18.06013152865851,12.693056917275388,3.9698891117622335,3.785907447523548
9.906690301123604,1.6048504716261236,12.652585901501224,4.963745604841524,8.452680658084113
9.885784940442676,83.59023451123707,11.33777394437704,4.659518895113781,5.646982458956019
9.730260493870105,136.0663582830556,10.157717234845425,3.426659184310851,7.226009138090555
9.523447908536989,129.0685001005328,9.855649923331573,0.03981091769012313,3.394569100158698
9.84442240209906,50.76770761773751,13.123233339330543,1.5561313108768147,3.333775463412226
9.546243757376692,4.073824398879333,11.920522124800598,2.5616532342903104,6.166786724430313
9.427139814956414,120.12890326950497,8.294545156613811,1.1758250068394505,7.922349082241773
9.348042792484772,120.8977398434499,10.960125026404842,4.7893110528514855,5.6997957217202275
9.932266732184534,130.2732174454158,13.361656226100399,4.891995813276819,8.956912680968902
9.448290310830663,100.44698998132996,8.054829945737898,4.000746076775436,7.283295477365122
9.543592786088189,121.16682934726147,12.918623728714945,2.5667912128069164,3.9927207076154625
9.32899429208298,134.62474234542304,12.741417264207449,5.226064416195635,3.879217766416839
9.896469866954257,68.07449257350184,10.495387709084842,1.5222678614323497,4.992373734936557
9.444937111124759,83.67379555723657,7.263086960399923,0.047047851557025844,8.052928450369738
9.367817243782488,75.91966932423522,8.032517537778547,5.879536149471692,9.503501314478257
9.74583546597528,103.79758567863281,13.458470862820699,3.548030735231481,8.895247994550664
9.271782948855076,102.43603014448122,7.309083572223037,5.582733248398787,4.092886341463374
9.206373366412334,78.04704537949748,9.607491364837516,1.480346797095808,5.298231423828558
9.853298003992162,124.2702222128207,11.333277443078295,0.5009584158713238,6.892352795602572
9.769722329232582,75.86690801847996,8.378636272398117,3.0248686942641703,6.374675646526467
9.631468492882405,123.72878435778479,13.86755830068208,5.567972083563952,5.114199563271725
9.318602417468384,42.27676322148644,8.091826631303956,0.8225469396345266,2.8113662150502137
9.660922430668826,26.77422494662324,10.77775436612892,1.5666738693999394,7.697958435178045
9.674519788667055,145.4805855517071,11.326079270426511,3.631621203252159,2.705081311403471
9.394812499701093,111.29092881841152,8.616929640687928,4.969193517549169,8.928619434989756
9.160740408760788,38.96875399566218,10.26416292446539,6.00099398455188,8.907587522661077
9.892484737807894,87.18530134367575,10.437059703930505,0.8778801702852528,7.667606332122982
9.513961057966831,143.28933803072803,12.368036634285794,4.996988857245129,5.891396590461489
9.787485446259787,12.11308617181182,11.439965269417113,3.0988841771558464,7.593172523303332
9.328499758848466,12.530131059261162,10.272850371457377,5.360722949982456,5.159896480814121
9.632248464040766,92.87022471298609,11.668597802357827,1.6284830212952128,8.37996787434679
9.485915644313918,33.67402182539366,10.173641985655388,4.223350380245849,8.291336658238782
9.443890578294225,114.77759351002622,10.679981139389866,1.3773004396474615,3.2442286709889734
9.21404204546223,85.22288144236576,11.609976290908534,0.14944804797100275,4.542540402804782
9.319839996888078,99.92821353352429,8.268367673677032,3.895601971391657,4.751865414287923
9.171407424662487,16.17208511918886,12.51634685820615,1.4734222124871446,4.913362389228206
9.372572474245821,12.642457715483518,11.220057362768781,5.1067466400271,6.53316445350319
9.7675343202084,93.76816024582345,13.862330195961295,4.2925985547234635,2.333499540162302
9.653514152473944,61.45968917010307,8.55668235471823,6.199563039981966,7.279757751711193
9.705169989040533,13.087878580797268,10.263865319166015,3.1436792210736257,3.6130540724530746
9.107544771572528,55.65959175242837,13.269492618196125,7.9156170466900235,5.331700449384865
9.710539275026187,100.8216614485273,11.210033867891518,4.12171756929659,5.6071412520056
9.552862621488599,28.438110028737857,12.081711920941704,3.830587209483774,4.789814156381167
9.30781760543576,134.35936627930562,9.895691149409522,5.995539766017357,5.0662424810241005
9.25740685808373,142.4769583320131,11.790167352819239,4.5815063463393235,3.442448486782075
9.266484668995746,144.23588136518006,13.622385208932943,2.899722538400203,2.5450404591525952
9.859834004567588,109.51238366103902,8.401302460175256,3.9139582836811373,6.410053191486813
9.984330810374576,60.94326415324726,12.651556847141244,1.5131069995107982,6.766935564933209
9.922365662357468,111.56237945268295,13.786766084699275,3.1486673143748956,3.1639983137736705
9.412632478335532,43.19803189121273,7.1019811223433225,0.23969402019238828,3.847533666576993
9.802202121722228,47.16258335861193,8.506467106160994,3.700232482737623,4.291017052299059
9.591809131631287,90.8844541826787,7.821638442191908,2.1957929024285665,8.646010935235406
9.834798157800344,89.22707001118765,12.371964624190174,4.213726882868926,3.2273675292992987
9.535354256070015,131.79914644737167,7.568516101599133,0.23417697122490022,6.4171104604278515
9.630956168469464,38.19011334908654,13.988894910136352,4.440694132177396,6.545117741537539
9.808537102771835,114.92825478042326,9.727284111155136,2.3439830690268577,4.747360744869378
9.190211178792818,141.1519900228352,13.336419361531282,4.619925448108379,4.804937514455629
